Full Name,First Name,Last Name,Projected Points,Sentiment,NumOfDataPoints,Average Sentiment,Most Positive Comment,Most Positive Comment Score,Most Negative Comment,Most Negative Comment Score,Position,Actual Points
Josh Allen,Josh,Allen,374.63,59.56449999999993,780,0,"But Josh Allen being good in the end is definitely partially credited to the Bill's handling and development of him, not just the weapons he had provided.",0.9295,I hate Josh Allen I hate Josh Allen I hate Josh Allen I hate Josh Allen I hate,-0.9612,QB,26.36
Patrick Mahomes,Patrick,Mahomes,352.02,10.394999999999998,144,0,Patrick Mahomes is now 12-2 when the refs step in to do their best to make sure the game stays close so the NFL doesn't lose out on TV viewership in primetime.,0.8298,"Heâ€™s gonna protect the hell out of Patrick Mahomes, Bills are fucked",-0.8126,QB,19.62
Justin Herbert,Justin,Herbert,328.04,9.3341,74,0,"They force Justin Herbert to play great games for them to win games, and that defense should be at least average.",0.8957,>How can you seriously say Staley missing the playoffs 2 years in a row with justin herbert and an absolutely stacked roster wouldn't really be at risk of losing his job?,-0.7823,QB,8.42
Jalen Hurts,Jalen,Hurts,318.51,-37.99280000000002,119,0,"I agree with the first part, but Jalen Hurts is definitely a way better player than Justin Fields lol",0.8271,People had a lot of the same criticisms for Jalen Hurts early on and heâ€™s absolutely killing it this year.,-0.8655,QB,16.9
Jonathan Taylor,Jonathan,Taylor,316.99,0.09460000000000002,9,0,It isn't a coincidence that Jonathan Taylor had his best year by far last year when Wentz was there.,0.6369,"So if we had drafted Jonathan Taylor instead of CEH, that would have also been a bad pick?",-0.5423,RB,0.0
Lamar Jackson,Lamar,Jackson,316.41,15.99740000000001,207,0,"But as I tried to tell Brown fans for years, the difference between Lamar Jackson (or a Cam Newton or Russell Wilson) is that they SAVE coaches jobs -- not get them fired.",0.883,"Lamar Jackson has done nothing but be amazing his entire playing career, and there is an army on this sub waiting for any bad game to scream ""I KNEW IT!""",-0.91,QB,16.1
Kyler Murray,Kyler,Murray,314.0,8.002200000000004,84,0,"ok that's the first time I've seen that Kyler Murray ""I sTiLl FeEl PrEtTy BiG"" commercial and it made me laugh",0.8402,Hell the only difference between Rhule and Kingsbury is Kyler Murray.,-0.6808,QB,14.88
Cooper Kupp,Cooper,Kupp,312.91,6.8228,71,0,I promise you that not even the most delusional Ravens fan thinks Duv is better than Cooper Kupp lmao,0.8925,I hate Cooper Kupp.,-0.5719,WR,16.7
Christian McCaffrey,Christian,McCaffrey,309.94,3.2096,20,0,If you have a decent team with an average QB and a beast RB like peak Derrick Henry or fully healthy Christian McCaffrey you can win a SB.,0.8516,,0,RB,22.8
Aaron Rodgers,Aaron,Rodgers,309.66,32.45640000000003,543,0,But I think arm talent means â€œcan make any throw on the field consistently.â€ Cam was great but heâ€™s not Aaron Rodgers or Mahomes in this respect.,0.9459,"He's probably talking about 2017 when Aaron Rodgers broke his collarbone, and Derek Carr broke his back while [Tony Romo explained on-air](https://www.sbnation.com/2017/10/2/16405542/derek-carr-tony-romo-back-injury-fracture) it was the same type of hit that broke his.",-0.8126,QB,11.84
Tom Brady,Tom,Brady,306.83,23.5657,889,0,"Mahomes won both in 2018, Matt Ryan won both in 2016, Cam Newton won both in 2015, Peyton Manning won both in 2013, Adrian Peterson won both in 2012, Tom Brady won both in 2010, Tom Brady won both in 2007... etc etc",0.9796,"There you have it, Tom Brady talks shit and is a menace but Cam had people pissed to high hell with his celebrations and antics.",-0.9559,QB,13.72
Dak Prescott,Dak,Prescott,306.52,-0.7213000000000005,37,0,Cowboys are going to have a fresh Dak Prescott the last half of the season and an underutilized Pollard ready to go.,0.5859,Fields pulling a Dak Prescott by killing his own clock,-0.6597,QB,0.0
Russell Wilson,Russell,Wilson,302.42,15.563100000000006,234,0,"But as I tried to tell Brown fans for years, the difference between Lamar Jackson (or a Cam Newton or Russell Wilson) is that they SAVE coaches jobs -- not get them fired.",0.883,"Russell Wilson is fake as fuck and sells stupid water, but he doesn't really actively hurt anybody physically or mentally to our knowledge, but there is so much hate for him.",-0.8678,QB,13.82
Joe Burrow,Joe,Burrow,294.45,26.19290000000001,198,0,Because we are Andrew Lucking Joe Burrow and sapping the confidence that made him great,0.8625,So was what happened to Joe Burrow last year and now this year considered a war crime,-0.8126,QB,32.5
Justin Jefferson,Justin,Jefferson,287.8,4.8033,52,0,I would probably play Ja inside unless it's man coverage against guys like Justin Jefferson then you let him follow the best guy unless it's a zone.,0.8442,No hate but do you think Justin Jefferson gets tired of doing the Griddy?,-0.7783,WR,16.7
Matthew Stafford,Matthew,Stafford,285.7,2.7706999999999997,21,0,"If youâ€™d have told me that the super bowl champions would be thwarted by Cooper Rush and the runner up with the high powered offense looked like Shang Tsung snatched his soul, the eagles were 5-0, the giants were 4-1 and Matthew Stafford looked like end-of-career 15â€™ Manning, by week 4, Iâ€™d have called you a crackhead",0.8807,*Ahem* Itâ€™s Matthew Stafford and his line is fucking terrible.,-0.5256,QB,11.82
Austin Ekeler,Austin,Ekeler,284.73,0.9878,2,0,In honor of Austin ekeler I just ordered a 2x5 from in n out,0.4939,,0,RB,24.3
Trey Lance,Trey,Lance,284.03,7.2008,69,0,"The one hiccup in this whole thing has been trading up to 3 and then getting...Trey Lance...who's played like eleven minutes of total football in his life...but other than that (admittedly huge) discrepancy, they've been pretty low-key when it comes to blockbuster trades or draft picks, just picking up good late round and occasionally undrafted talent and using them cleverly.",0.9624,He specifically phrased it as if it were some racism thing and how Trey Lance and Justin Fields got more criticism than Lawrence.,-0.807,QB,0.0
Ja'Marr Chase,Ja'Marr,Chase,276.17,0.6908,3,0,I'm sure Ja'Marr Chase and Justin Herbert would be pretty damn good too.,0.6908,,0,WR,32.2
Tua Tagovailoa,Tua,Tagovailoa,271.03,1.1953,10,0,"Give me a QB with the accuracy of Baker Mayfield, the handsomeness of Jimmy G, the moral compass of Deshaun Watson, the height of Kyler Murray, the authenticity of Russell Wilson, the mental acuity of Tua Tagovailoa, and the business acumen of Brett Favre.",0.5267,Most people have no idea who Patrick Mahomes and Aaron Rodgers are but now they've heard of Tua Tagovailoa.,-0.1857,QB,0.0
Kirk Cousins,Kirk,Cousins,269.17,9.111199999999998,175,0,"McMahon was good but like, he's like a Kirk cousins where he wasn't bad either",0.9047,Kirk Cousins prefers to only lose games that will humiliate him the most.,-0.7351,QB,16.5
Najee Harris,Najee,Harris,265.48,-0.28049999999999986,15,0,"I understand the Steelers o-line is not good, but I don't understand what is so special about Najee Harris.",0.6167,I'm starting to believe that Najee Harris is part of the reason our run game is so bad.,-0.6696,RB,12.9
Derrick Henry,Derrick,Henry,264.47,6.808099999999996,77,0,If you have a decent team with an average QB and a beast RB like peak Derrick Henry or fully healthy Christian McCaffrey you can win a SB.,0.8516,"""Injuries are non life threatening"" no fucking shit, it isn't like he took a Derrick Henry stiff arm",-0.8911,RB,0.0
Deebo Samuel,Deebo,Samuel,261.46,1.2231,7,0,I deadass think Deebo Samuel would be a better full time QB than Fields,0.4404,,0,WR,16.0
Trevor Lawrence,Trevor,Lawrence,260.71,0.06870000000000032,82,0,Bullshit Trevor Lawrence was described as generational just like luck and just like luck other guys were clearly more talented,0.9099,Imagine someone saying this about Trevor Lawrence who was in the same position as Fields with a bad team and no weapons and bad coach.,-0.9022,QB,24.9
Derek Carr,Derek,Carr,260.61,-5.3276999999999965,211,0,"I have rational Raider fan friends, as well as ""Derek Carr Koolaid"" Raider fan friends.",0.8979,Derek Carr turned a 5 yard sack into a drive killing 15 yard loss fuck,-0.8807,QB,0.0
Joe Mixon,Joe,Mixon,258.91,-2.8958,28,0,Joe mixon is like 0-10 on runs inside the 5.,0.3612,Combined with a bad line and that scrub joe mixon and itâ€™s not a surprise why they suck this year,-0.8028,RB,16.8
Leonard Fournette,Leonard,Fournette,258.74,0.4939,2,0,Leonard Fournette is laughing,0.4939,,0,RB,22.1
Dalvin Cook,Dalvin,Cook,258.49,3.2871,17,0,Dalvin Cook and Henry are going off so i'm still gonna win lol,0.765,"They also in week 2 with the Vikings vs Packer, Diggs had a TD for the Vikings called back on a bogus PI call on Dalvin Cook, that wasn't even called on the field, but when ""Confirming"" the TD, they said Dalvin Cook did Offensive PI, and took the TD back, It was the only other time I remember them over turning or calling ""PI"" long after the play had happened.",-0.2263,RB,15.3
Stefon Diggs,Stefon,Diggs,258.25,1.7983000000000002,16,0,"Yeah man, God just couldn't find time in his calendar to do anything for those kids dying of cancer, but he made sure to help Stefon Diggs play for a good quarterback.",0.9169,"Wilson, while not good this year has never had a Stefon Diggs or a Justin Jefferson.",-0.3412,WR,30.8
Alvin Kamara,Alvin,Kamara,254.82,-0.2532,10,0,That guy who said Alvin Kamara is worth -7 points seem to be correct so far lol,0.6096,Alvin Kamara and Chris Lammons were arrested for Felony Battery after they beat a man in nightclub so badly he had to be hospitalized... 0 game suspension.,-0.8908,RB,18.4
Carson Wentz,Carson,Wentz,253.68,6.232800000000001,389,0,"Then Jacoby Brissett needed some more time to develop; Phillip Rivers did a pretty good job for a late career QB, but wasnâ€™t going to win a Super Bowl, so he retired; Carson Wentz wasâ€¦; and Matt Ryan was the best available QB floating around that you didnâ€™t have to pay $300,000,000 in salary and mortgage the franchiseâ€™s future to obtain.",0.9674,"Brother, the takeaway here is that that game averaged 16m with Ben Dinucci and the corpse of Carson Wentz as two fought tooth and nail to figure out which team was worse.",-0.8442,QB,4.16
D'Andre Swift,D'Andre,Swift,253.66,-0.431,1,0,,0,"D'Andre Swift carried the flying fuck out of this offense, my god.",-0.431,RB,0.0
Davante Adams,Davante,Adams,253.59,9.499000000000002,261,0,"Came into the night feeling like I could get lucky and pull it off for the win in fantasy football, with having Davante Adams to play.",0.9001,"I understand that it's not nice to shove people out of frustration and Davante Adams very obviously shouldn't've done what he did, but with the way some of these guys talk about the incident and what should be done, you'd think he pinned the camera guy to the turf and raped him live on ESPN.",-0.8783,WR,0.0
Justin Fields,Justin,Fields,253.09,11.777299999999995,549,0,Wouldn't it be funny if Justin Fields threw like 5 TDs tonight and blew out the Commies hahaha just like as a joke hahaha,0.8999, no offense dude but justin fields sucks really bad,-0.8895,QB,18.4
CeeDee Lamb,CeeDee,Lamb,252.45,1.4557,12,0,Skip Bayless still thinks CeeDee Lamb is better though lol,0.6908,Not great lol nothing against the cowboy just don't like CeeDee Lamb,-0.7741,WR,12.7
Daniel Jones,Daniel,Jones,252.4,67.02879999999993,585,0,"I keep seeing this everywhere, but Daniel Jones was throwing to the likes of Rich James and David Sills and played like a champ",0.9643,The guy that once shit on Daniel Jones suffering from a similar Injury as Jones.,-0.8591,QB,13.52
Ryan Tannehill,Ryan,Tannehill,251.37,2.1433,10,0,They can stay with DJ if they want but heâ€™s in a purple patch right now and I donâ€™t see him becoming better than Ryan Tannehill at best which isnâ€™t good enough to win a SB imo,0.9676,No way in hell Daniel Jones or Marcus Mariota or Ryan Tannehill ever get that call.,-0.7783,QB,0.0
Tyreek Hill,Tyreek,Hill,246.45,2.7146,77,0,The best part of this sequence is watching Quinnen just absolutely throw Tyreek Hill to the ground lmao,0.8442,"Holy hell, he said fuck the touchdown, I'm just here to punish Tyreek Hill",-0.91,WR,29.7
Jameis Winston,Jameis,Winston,245.79,1.5452,20,0,The Jameis Winston of strong safeties.,0.7003,Your starting quarterback is Jameis Winston and Lattimore got popped for a felony gun charge.,-0.7096,QB,0.0
Matt Ryan,Matt,Ryan,245.41,9.612599999999997,179,0,"Mahomes won both in 2018, Matt Ryan won both in 2016, Cam Newton won both in 2015, Peyton Manning won both in 2013, Adrian Peterson won both in 2012, Tom Brady won both in 2010, Tom Brady won both in 2007... etc etc",0.9796,"I mean that's fair, Matt Ryan is old as hell, but even now Murray is still a shit quarterback",-0.7935,QB,27.16
Aaron Jones,Aaron,Jones,242.56,6.837499999999999,79,0,NEED AARON JONES TD AND GIANTS WIN FOR 30 X WIN LOL.,0.9274,Rodgers lost the NFC playoffs last year because he refused to throw to anyone aside from Aaron Jones and Davante Adams.,-0.8374,RB,7.4
James Conner,James,Conner,240.04,0.9649000000000001,3,0,"Kyler and Jameis are an improvement over Wentz and Fields though, and we'll at least get Kamara and potentially Michael Thomas/James Conner as well.",0.6249,,0,RB,0.0
Javonte Williams,Javonte,Williams,238.99,0.8573,4,0,Yeah I was trying to swing a similar trade for Hurts and Javonte Williams but that fell through (thank goodness lol) but yeah I knew I was probably giving up too much in Ekeler but a lot of things were kinda going against him.,0.8573,,0,RB,0.0
Mac Jones,Mac,Jones,238.09,11.759600000000006,92,0,"Friendship ended with Mac Jones, now Jack Jones is my best friend",0.8834,And seriously after the shit Mac Jones pulled not to long ago a pats fan shouldnâ€™t be calling any team dirty.,-0.7096,QB,0.0
Keenan Allen,Keenan,Allen,237.62,3.1945000000000014,29,0,"Which would be fine in isolation but I'm also missing JT, Swift and Keenan Allen lmao",0.8294,"Staley is not a soft 2 lmao, Keenan Allen is literally tweeting mid game how incompetent he is and the chargers were arguably one of the most hyped up teams based off talent and personnel and Staley is not utilizing them at all and looks horrible",-0.8379,WR,0.0
Tee Higgins,Tee,Higgins,237.31,7.224500000000002,71,0,"I gotta imagine if they draft Tee Higgins instead of Jordan Love and offer OBJ a real contract, odds are good they would have won another chip.",0.8957,Did Tee Higgins get hurt or something,-0.5267,WR,10.7
Jared Goff,Jared,Goff,236.35,7.6624000000000025,69,0,"49ers came damn close twice, Blake Bortles was average and wasnâ€™t far off, Jared Goff came close, Nick Foles has won a fucking Super Bowl for gods sake.",0.7346,LA Rams trade Stafford two future firsts and a third rounder to the Detroit lions for QB Jared Goff who has statistically been a top ten QB this year on a team with the worst defense in the league and injury problems.,-0.8074,QB,0.0
Michael Pittman Jr.,Michael,Pittman,236.16,0,0,0,,0,,0,WR,26.4
Mark Andrews,Mark,Andrews,235.05,8.376,51,0,"Lamar Jackson and Joe Burrow are pretty good and Mark Andrews, Jamarr Chase, Tee Higgins, Amari Cooper, Diontae Johnson, George Pickens, Chase Claypool, Jaylen Waddle, and Tyreek Hill are also ok.",0.8074,Mark Andrews is a big motherfucker god damn,-0.7351,TE,23.6
DJ Moore,DJ,Moore,234.57,2.2588000000000004,97,0,"Good defense with a bunch of good defenders, OL that has shockingly been above average this year and should continue to get better as Ekwonu does, WR1 in DJ Moore",0.8316,"6mil for a disappointing DJ Moore, 5.8mil for an even more disappointing Baker, 10mil for an underperforming Robbie Anderson, 9mil in an underperforming and constantly injured CMC, and 18mil for a bench QB in Sam Far old.",-0.8442,WR,3.7
Baker Mayfield,Baker,Mayfield,228.1,2.9569,179,0,"Idk about best first year coaching job, Kevin Stefanski in his first year won 11 games along with the first playoff win for the Browns in a very long time against a division rival with Baker Mayfield as his quarterback.",0.9062,I donâ€™t think Iâ€™ve ever seen a bad QB get so much hatred than what Baker Mayfield gets.,-0.8393,QB,0.0
Saquon Barkley,Saquon,Barkley,227.77,2.8488,28,0,I mean the Cowboys are winning because of their defense and the Giants are winning because of Saquon Barkley.,0.8074,If youâ€™ve unironically said Giants are the worst 3-1 team ever in this thread you need to repent to our lord and savior Saquon Barkley,-0.6249,RB,18.5
Travis Kelce,Travis,Kelce,227.3,5.297300000000002,116,0,"Gates is a TE who did a lot of great things, but I don't want to hear anymore slander about Travis Kelce quite humbly including himself on the all time list of great TEs on Mt Rushmore.",0.8346,Travis Kelce said fuck the bullshit refs give me the ball,-0.8074,TE,19.2
Mike Evans,Mike,Evans,223.32,-0.8841999999999992,60,0,Itâ€™s amazing how lattimore is pretty chill unless Mike evans is the guy on the other side.,0.7906,"Maybe im biased but if Mike Evans can get suspended for shoving another football player who was fighting his teammate, then Adams should get suspended for shoving a camera dude who didnt do shit lol",-0.9045,WR,8.2
Terry McLaurin,Terry,McLaurin,221.94,3.3982,9,0,"Terry Mclaurin, Khalil Herbert for sure were both a lot better off the top of my head.",0.7184,,0,WR,8.2
A.J. Brown,A.J.,Brown,220.85,0,0,0,,0,,0,WR,17.7
David Montgomery,David,Montgomery,219.92,-0.0472999999999999,12,0,I thought he would be better than David Montgomery and I love David Montgomery.,0.7964,"I would also argue Allen's weapons then (Zay Jones, Kelvin Benjamin, Shady on the decline, Robert Foster) might be worse than Fields' weapons in this game (Dante Pettis, David Montgomery, Kahlil Herbert, Darnell Mooney)",-0.8834,RB,9.0
Jaylen Waddle,Jaylen,Waddle,218.23,1.3695,8,0,"Lamar Jackson and Joe Burrow are pretty good and Mark Andrews, Jamarr Chase, Tee Higgins, Amari Cooper, Diontae Johnson, George Pickens, Chase Claypool, Jaylen Waddle, and Tyreek Hill are also ok.",0.8074,"This guy blocked me on Twitter for suggesting he didn't know ball when he called Jaylen Waddle a ""limited gadget player"" ðŸ˜‚",-0.4588,WR,16.9
Diontae Johnson,Diontae,Johnson,218.19,0.5825000000000004,26,0,"Lamar Jackson and Joe Burrow are pretty good and Mark Andrews, Jamarr Chase, Tee Higgins, Amari Cooper, Diontae Johnson, George Pickens, Chase Claypool, Jaylen Waddle, and Tyreek Hill are also ok.",0.8074,Diontae Johnson with another missed TD catch due to bad feet,-0.6908,WR,8.6
Nick Chubb,Nick,Chubb,216.04,2.876600000000001,31,0,"I am sorry Nick Chubb, I love the browns and watching you play for us is an honor (Hunt too!",0.8687,If guys got cut for talking shit the only player in an NFL team would be Nick Chubb,-0.6908,RB,8.0
Brandin Cooks,Brandin,Cooks,215.1,0.8126,3,0,"Same but moved him and Brandin Cooks for Keenan Allen last week, now I just have to hope Allen gets healthy.",0.8126,,0,WR,0.0
J.K. Dobbins,J.K.,Dobbins,214.3,-0.0777,1,0,,0,Hill or giving the rock to J.K. Dobbins wasn't that impressive.,-0.0777,RB,1.5
Ezekiel Elliott,Ezekiel,Elliott,214.2,0.4404,1,0,hot take: tony pollard is at least as good as ezekiel elliott,0.4404,,0,RB,15.6
DK Metcalf,DK,Metcalf,212.43,2.0313,16,0,Tyler Locket and DK Metcalf are pretty good at football.,0.7269,Absolutely insane that DK Metcalf is somehow the weak link and not Geno Smith lmfao,-0.8291,WR,5.4
Jerry Jeudy,Jerry,Jeudy,212.2,-0.3141999999999999,2,0,"Tim Patrick is done with an ACL, Jerry Jeudy is no Wes Welker or D Thomas and Courtland Sutton has actually been pretty good for him.",0.5994,\-Jerry Jeudy was arrested for misdemeanor criminal tampering with a domestic violence enhancer (similar charges to Gay's)... 0 Game Suspension,-0.9136,WR,8.4
Darnell Mooney,Darnell,Mooney,212.18,0.8124000000000002,13,0,Is it just me or do other My name is Earl fans who also enjoy football love pronouncing Darnell Mooney name the same way Jaime Pressly does?,0.8126,"I would also argue Allen's weapons then (Zay Jones, Kelvin Benjamin, Shady on the decline, Robert Foster) might be worse than Fields' weapons in this game (Dante Pettis, David Montgomery, Kahlil Herbert, Darnell Mooney)",-0.8834,WR,13.8
Marquise Brown,Marquise,Brown,211.78,0.0,3,0,"Marquise Brown has looked pretty solid from what I've seen, but that's about it- adding Hopkins back across from him should do wonders.",0.34,"The marquise brown drop was pretty bad, think it was before half?",-0.34,WR,11.8
Mike Williams,Mike,Williams,211.44,2.1428999999999996,25,0,"Yesterday yes for sure, last year mike Williams committed clear OPI on 4th and long that was called DPI and we lost because of it",0.7506,If this isnâ€™t a TD catch for Mike Williams then this shit isnt right,-0.6428,WR,3.7
Breece Hall,Breece,Hall,210.66,6.4296999999999995,48,0,"I absolutely love that guys like AVT and Breece Hall are on the Jets, but I'll be honest, I'm not sure that we wouldn't be better off having taken other players where we were supposed to draft, or even trading back for a good enough offer and then having a bunch more shots at finding impact players on day two of the draft.",0.8044,Breece Hall wtf!!,-0.658,RB,20.1
Josh Jacobs,Josh,Jacobs,210.51,2.4138999999999995,109,0,There's probably someone out there who was getting torched in fantasy but had Josh Jacobs who is having the best night of his life right now,0.7783,While Josh Jacobs would be an MVP candidate (not really but you get it)  behind your o-line I don't see us trading him at this point unless it's for something stupid.,-0.6808,RB,0.0
Courtland Sutton,Courtland,Sutton,210.42,0.7274,3,0,"Tim Patrick is done with an ACL, Jerry Jeudy is no Wes Welker or D Thomas and Courtland Sutton has actually been pretty good for him.",0.5994,,0,WR,3.4
Davis Mills,Davis,Mills,210.02,0.751,23,0,Still had better QBs on the board like Mac Jones and Davis Millsâ€¦ yeah I said it!,0.784,"Quality AFC South shithousery by Dougie Davis Mills to talk shit about Walker's sister, drawing the Mortal Kombat Fatality.",-0.8442,QB,0.0
Amon-Ra St. Brown,Amon-Ra,St.,208.86,0.0,1,0,,0,,0,WR,0.0
Gabe Davis,Gabe,Davis,207.23,16.4123,125,0,"Makes me think about Gabe Davisâ€™ one handed catch over Minkah last weekend (I know Minkah is a safety, but the point stands) Minkah played it almost perfectly but Davis makes a one handed catch with hardly any separation because josh Allen fit it in the tightest window possible.",0.9275,"Gabe davis with 2 rec, 160 yards, 2... td randy moss type shit",-0.5574,WR,16.4
Zach Wilson,Zach,Wilson,206.71,10.967799999999997,128,0,"It's not even like I'm saying he's a noodle arm who can't throw past the line of scrimmage, but good lord, Zach Wilson probably has a top 5 pure arm in the league (I'm not in any way saying he's a top 5 QB, just that his arm talent literally looks like some Herbert/Allen/Mahomes level Madden shit) And people still tried to say Fields had the best arm in that class",0.9385,Says the guy literally catatonic with anger and attacking anyone that dares to say Zach Wilson isnâ€™t the worst QB in the league,-0.8957,QB,4.5
Michael Thomas,Michael,Thomas,206.58,-0.40369999999999984,11,0,"Kyler and Jameis are an improvement over Wentz and Fields though, and we'll at least get Kamara and potentially Michael Thomas/James Conner as well.",0.6249,"So no Michael Thomas, no Jarvis Landry and now no Olave.",-0.7564,WR,0.0
Travis Etienne Jr.,Travis,Etienne,205.01,0,0,0,,0,,0,RB,12.8
Allen Robinson II,Allen,Robinson,201.07,0,0,0,,0,,0,WR,17.3
Christian Kirk,Christian,Kirk,200.01,-0.011699999999999933,8,0,Can i just point out: Aaron Rodgers lost argaubly the best WR in all of football over the off-season and is working on chemistry with new WRs.. Kyler lost his best target also a top 5 WR and Christian Kirk (his leading WR).,0.765,The Christian Kirk contract made everyone forget how bad this contract was,-0.6597,WR,10.8
Hunter Renfrow,Hunter,Renfrow,199.03,2.0305999999999997,43,0,"Aside from 2015-2016 and 2022, the guy has had Great Value bin quality of starting receivers to throw to: Nelson Agholor, Bryan Edwards, Zay Jones, Keelan Doss, Trevor Davis, Tyrell Williams (used to be good, was bad with the Raiders and out of the league now), Martavis Bryant, old Jordy Nelson, old Desean Jackson, Marcel Ateman and lastly: Hunter Renfrow -- the one guy you'd actually want on your team out of all those guys.",0.7351,Adams is just a whiny punk bitch who was mad that he and Hunter Renfrow donâ€™t understand spacing.,-0.7906,WR,0.0
Amari Cooper,Amari,Cooper,198.97,1.8011,21,0,"Lamar Jackson and Joe Burrow are pretty good and Mark Andrews, Jamarr Chase, Tee Higgins, Amari Cooper, Diontae Johnson, George Pickens, Chase Claypool, Jaylen Waddle, and Tyreek Hill are also ok.",0.8074,"Combine it with how bad he has genuinely looked without Amari Cooper (see 1st game of this season, plus last season, plus before they signed Cooper)",-0.5423,WR,14.4
Elijah Moore,Elijah,Moore,198.34,-0.5558999999999998,6,0,God bless you Elijah Moore,0.5994,Elijah Moore in the Egg Bowl: takes a fake dump on the field,-0.6908,WR,0.0
Chris Godwin,Chris,Godwin,198.2,0,0,0,,0,,0,WR,15.5
Rashod Bateman,Rashod,Bateman,197.96,0.21120000000000003,4,0,Rashod Bateman is good,0.4404,stop trying to make rashod bateman happen.,-0.296,WR,0.0
Kyle Pitts,Kyle,Pitts,197.64,-0.6504999999999999,21,0,Big Kyle Pitts fan dude is talented he's just not in a system catered to him.,0.6808,Imagine part of your fanbase being pissed off draft night because we drafted Kyle Pitts instead ðŸ˜‚,-0.6369,TE,10.9
Elijah Mitchell,Elijah,Mitchell,197.42,0.7632,4,0,Ranking JK Dobbins and Elijah Mitchell above Saquon Barkley because they had more impressive seasons is a weird logic when they ignore these couldbe been fluke seasons lol.,0.7028,"There are also teams with less money on IR that have players out for weeks or a month but not long enough to be on IR, like the 49ers who have Trent Williams, Arik Armstead, Nick Bosa, Emmanuel Moseley,  Javon Kinlaw, Jimmie Ward, and Elijah Mitchell all hurt, all starters.",-0.3291,RB,0.0
JuJu Smith-Schuster,JuJu,Smith-Schuster,197.1,0.0,2,0,,0,,0,WR,22.3
Tyler Lockett,Tyler,Lockett,197.01,0.8465999999999998,15,0,Tyler Lockett is amazing.,0.5859,Tyler Lockett and I have fucked,-0.6597,WR,3.7
Darrell Henderson Jr.,Darrell,Henderson,195.14,0,0,0,,0,,0,RB,13.2
Drake London,Drake,London,192.77,0.4446,9,0,"Drake London looks like a prototypical WR1, and if/when the Falcons upgrade at QB, I expect he and Pitts to be one of the better pass-catching duos in the league.",0.6597,"Before he was hurt and missed the Bucs game, Pitts was 2nd on the team in target % behind Drake London.",-0.6808,WR,7.0
DeVonta Smith,DeVonta,Smith,192.23,0.11800000000000024,15,0,Devonta Smith is pretty nice tho,0.7184,Devonta smith about to get murdered on a WR Screen today...,-0.6597,WR,15.4
Adam Thielen,Adam,Thielen,192.17,0.0,2,0,,0,,0,WR,15.6
Clyde Edwards-Helaire,Clyde,Edwards-Helaire,190.6,0.5106,5,0,Roughing the passer on Clyde Edwards-Helaire thatâ€™s a yellow card and 2 free throws.,0.5106,,0,RB,3.3
Devin Singletary,Devin,Singletary,188.72,0.3749,5,0,I mean he would do what y'all have Devin Singletary doing but like 10x better.,0.7964,"I had also drafted DJ Moore, Chase Edmonds, Devin Singletary, and Robert Woods but I no longer have them and instead I now have Olave, Dameon Pierce, Doubs, and Brian Robinson.",-0.4215,RB,14.7
Darren Waller,Darren,Waller,187.71,2.6411,11,0,"It's funny you mention it, I have a good friend who has dealt with some addiction who is a huge Raiders fan, and I really wanted to get him a Darren Waller camera Cameo for his birthday 2 years ago, but Waller was soooo expensive, so I pivoted to Crosby, who was much cheaper at the time",0.743,Darren Waller getting just 3 points (full PPR) would have had me lose my first place position in the league this week.,-0.4019,TE,0.0
Kadarius Toney,Kadarius,Toney,186.18,-0.355,6,0,Imagine how good theyâ€™d be if Kadarius Toney or Kenny Golloday contributed **ANYTHING**.,0.4404,"Is it Kadarius Toney, who is always injured?",-0.4019,WR,0.0
Brandon Aiyuk,Brandon,Aiyuk,184.92,0.0,1,0,,0,,0,WR,28.3
Miles Sanders,Miles,Sanders,184.65,0.12109999999999999,7,0,Like 755 rushing yards would have been good for 26th in the league last year behind Josh Allen and ahead of Miles Sanders.,0.6597,I sat him the last 2 weeks in fantasy for Miles Sandersâ€¦..Iâ€™m sad,-0.4767,RB,14.2
Dameon Pierce,Dameon,Pierce,183.65,0.9726000000000001,17,0,"Stingley and pitre have been shining so far and Kenyon green is a going to be a great guard, oh and dameon pierce is pretty good I think",0.8807,Every team so pissed they missed out on Dameon Pierce,-0.8329,RB,0.0
Kareem Hunt,Kareem,Hunt,182.53,0.7287,12,0,"To the guy who tried to trade me Kareem Hunt for him straight up a couple weeks back, HAHA",0.6841,Much worse assault than Kareem Hunt did.,-0.7845,RB,1.2
Rhamondre Stevenson,Rhamondre,Stevenson,182.24,0.3612,4,0,Rhamondre Stevenson feels like he has way more than 100 yards.,0.3612,,0,RB,25.1
Antonio Gibson,Antonio,Gibson,181.26,-1.354,12,0,Not for my team but would like to see Antonio Gibson given a shot somewhere else,0.5023,Not sure I could ever hate anyone as much as Ron Rivera hates Antonio Gibson.,-0.8206,RB,8.3
Robert Woods,Robert,Woods,180.44,-1.2848,10,0,Robert Watkins in LA sounds like a Mashup of when Robert Woods and Sammy Watkins played for the Rams.,0.5994,"People forget how awful Goff looked in 2016, Gurley regressed in year 2, their WR trio was Sammy Watkins who was coming off of a terrible season with 430 receiving yards, Robert Woods whoâ€™s career high in receiving yards was 699, a 3rd round rookie, a tight end which featured a guy who had 85 yards his rookie year and a 2nd round pick, an offensive line consisting of a 35 year old left tackle we â€œoverpaidâ€ for in free agency and some solid pieces in the interior, and a 30 year old first year head coach with Aaron Donald & Wade Phillips as their saving graces.",-0.5423,WR,0.0
Chase Claypool,Chase,Claypool,180.36,1.7887,14,0,"Lamar Jackson and Joe Burrow are pretty good and Mark Andrews, Jamarr Chase, Tee Higgins, Amari Cooper, Diontae Johnson, George Pickens, Chase Claypool, Jaylen Waddle, and Tyreek Hill are also ok.",0.8074,>\- chase claypool for a low round pick,-0.2732,WR,23.4
Tony Pollard,Tony,Pollard,177.23,1.5509000000000002,10,0,and thatâ€™s pretty much all thatâ€™s makes Tony pollard good is that he has the explosiveness for big plays,0.7964,Does McCarthy and Moore fucking hate tony pollard?,-0.6115,RB,7.2
Dalton Schultz,Dalton,Schultz,176.66,-0.6249,1,0,,0,"I mean we lost dak, tyron smith, connor McGovern, and jayron kearse, dalton schultz all week 1 or before week 1, and our wr3 was a udfa to start due to gallups injury",-0.6249,TE,0.0
Garrett Wilson,Garrett,Wilson,175.31,4.4202,17,0,We have so much to be thankful for with him taking a disgruntled safety off our hands for AVT and Garrett Wilson ðŸ™,0.7579,,0,WR,1.8
Damien Harris,Damien,Harris,174.55,0.5571999999999999,4,0,"""Damien Harris no longer My best friend.",0.7351,"And even though my team won I got fucked by this game in fantasy, Damien Harris being my starting RB this week",-0.1779,RB,0.0
Chris Olave,Chris,Olave,174.45,1.7425999999999997,8,0,"Yesterday, Chris Olave made a great catch for a touchdown but was slammed to the turf head first and was clearly knocked unconscious.",0.7269,Iâ€™m pretty confident that Chris Olave wouldnâ€™t be dealing with a traumatic brain injury right if not for you and I.,-0.0258,WR,0.0
Chase Edmonds,Chase,Edmonds,174.07,-0.1033,2,0,"I'm definitely going to get things wrong (I liked Allen Robinson this year, had Chase Edmonds as a post-Week 1 buy, etc), and if the expectation is that I won't, I'm the wrong show for you, haha.",0.3182,"I had also drafted DJ Moore, Chase Edmonds, Devin Singletary, and Robert Woods but I no longer have them and instead I now have Olave, Dameon Pierce, Doubs, and Brian Robinson.",-0.4215,RB,5.1
Jakobi Meyers,Jakobi,Meyers,173.92,1.7454,13,0,"As expected, yep makes sense, surprised he isn't higher, yep that sounds about right, what in the Jesus Christ is a Jakobi Meyers?",0.6486,"At least for the Baltimore game, IMO it was a combinaton of Jakobi Meyers being out and Mac knowing that Baltimore was gonna put up points and feeling pressured to try and keep pace.",-0.1027,WR,10.0
Allen Lazard,Allen,Lazard,172.56,1.8668,8,0,I loved Allen Lazard doing the Erling Haaland pose,0.5994,"This is an underrated and phenomenal comment - I can see the Lombardi trophy on a string, gradually pulled away as the fans get close - â€œCâ€™mon we got the band still together, we promise teams are terrified of Hammy Watkins and Allen Lazard, oops almost got it, try againâ€¦â€",-0.4019,WR,17.6
Marquez Valdes-Scantling,Marquez,Valdes-Scantling,172.06,0.0,2,0,,0,,0,WR,0.0
George Kittle,George,Kittle,169.59,-0.07600000000000004,7,0,"george kittle off to a good start, but they ripped the ball away from em...",0.2382,George Kittle does all the time.... unfortunately with a 3rd string tackle its been neccessary at times,-0.34,TE,16.3
AJ Dillon,AJ,Dillon,168.75,5.1945,29,0,"I get that fans love AJ Dillon because he has big quads or whatever, but Jones is so clearly the better back and theyâ€™re getting even playing time.",0.9298,"Hell I like AJ Dillon too, itâ€™s frustrating.",-0.7184,RB,9.2
Russell Gage,Russell,Gage,168.69,0.08150000000000002,4,0,"I've always liked Russell Gage, I think we're going to get a lot out of him this season",0.4215,Fuck fucking russell gage,-0.5423,WR,4.0
Tyler Boyd,Tyler,Boyd,168.31,-0.1016999999999999,8,0,"Tyler Boyd, the player, didn't throw it away on that trick play, which I'm sure he was coached to do if it wasn't there.",0.5423,The 20 yard sack by *checks notes* Tyler Boyd was the real game loser,-0.5267,WR,12.6
T.J. Hockenson,T.J.,Hockenson,168.03,0,0,0,,0,,0,TE,0.0
Cordarrelle Patterson,Cordarrelle,Patterson,167.88,0.6582,7,0,My favorite Mason Crosby play is still his forced fumble against Cordarrelle Patterson on a kick return,0.34,,0,RB,0.0
Treylon Burks,Treylon,Burks,163.84,-0.359,1,0,,0,"Treylon Burks- Looked solid when targeted, but his snaps were really limited by our staff.",-0.359,WR,0.0
Marvin Jones Jr.,Marvin,Jones,163.08,0,0,0,,0,,0,WR,0.0
Rashaad Penny,Rashaad,Penny,162.93,1.2643999999999997,14,0,Rashaad Penny is Walter Payton and Emmitt Smith rolled up into one and you Seahawks fans are the only ones smart enough to see it lol Whatever helps you sleep at night i guess.,0.7964,Whoever's got the Rashaad Penny voodoo doll is a real bastard.,-0.5423,RB,0.0
Jahan Dotson,Jahan,Dotson,159.03,0.4019,1,0,Not to mention theres been games where logan thomas and jahan dotson are also healthy.,0.4019,,0,WR,0.0
Robbie Anderson,Robbie,Anderson,157.03,-0.7300999999999999,18,0,"Lol, this shows /r/nfl knows nothing about our team if they are saying free Robbie Anderson",0.7269,"6mil for a disappointing DJ Moore, 5.8mil for an even more disappointing Baker, 10mil for an underperforming Robbie Anderson, 9mil in an underperforming and constantly injured CMC, and 18mil for a bench QB in Sam Far old.",-0.8442,WR,0.0
Michael Gallup,Michael,Gallup,156.72,-1.008,7,0,Actually Michael gallup has had 2 acl injuries lol,0.4215,"Draft sharks has an injury history and adds in a probability of injury, and Michael gallup has a higher chance of injury.",-0.7506,WR,3.8
Nico Collins,Nico,Collins,154.12,1.7526,6,0,Nico Collins shows some pretty good flashes.,0.7269,"He got torched by Nico Collins all game versus the Texans as well, Davis Mills just missed him.",-0.0258,WR,0.0
James Robinson,James,Robinson,151.13,-0.3187999999999999,6,0,James Robinson and Tyler Conklin giving me absolutely nothing today.,0.34,James Robinson had 0 people to his left and right and ran right into his OL's ass instead.,-0.5423,RB,6.5
Joshua Palmer,Joshua,Palmer,150.93,0,0,0,,0,,0,WR,14.7
Michael Carter,Michael,Carter,150.53,1.6092000000000002,5,0,Michael Carter has looked pretty good in the slot too.,0.7269,,0,RB,5.7
DeAndre Hopkins,DeAndre,Hopkins,150.41,1.0036999999999998,5,0,"Yeah he also had Deandre Hopkins, Christian Kirk, a fully healthy Conner and Chase Edmonds.",0.6361,"Deandre Hopkins is currently serving a 6 game suspension, and Mike Evans got suspended this year.",-0.4767,WR,0.0
Dallas Goedert,Dallas,Goedert,150.33,-0.8149,3,0,"I've also got Bucs Defense, Waddle, Derek Carr, and Dallas Goedert.",0.128,"2nd year Devonta, AJ Brown and Dallas Goedert is a hell of a triple threat in the receiving game.",-0.8402,TE,4.2
Geno Smith,Geno,Smith,148.82,25.251400000000004,295,0,Before the season I jokingly told my friend that Geno Smith is gonna win MVP and now Iâ€™m hoping my prediction comes true,0.9118,"As much as Geno Smith deserves votes for what he's doing if he keeps this up, the argument is the comeback is from serious injury, not coming back from being shit",-0.8481,QB,12.68
Evan McPherson,Evan,McPherson,148.47,-0.13860000000000006,6,0,Evan McPherson laughing on that Tucker FG is pretty cool.,0.8271,Only because Minkah Fitzpatrick was very rude to Evan McPherson (/s) and Zac Taylor refused to take the points earlier on.,-0.6697,K,8.0
Zach Ertz,Zach,Ertz,148.18,0.2740999999999999,6,0,Yes this happened to us with Zach ertz also lol beane makes a lot of callsâ€¦I wouldnâ€™t read too much into this one,0.6705,I wonder if the real reason Zach Ertz got traded is because when a coach yelled for Hurts he thought they said Ertz and it just got too confusing after a while to have two guys with similar sounding names on the same team,-0.6124,TE,14.0
Wan'Dale Robinson,Wan'Dale,Robinson,148.01,-0.6751,2,0,,0,"Is it Wan'Dale Robinson, who is injured?",-0.4019,WR,12.7
Matt Gay,Matt,Gay,147.81,0.3197,6,0,"Matt Gay was bad, we cut him, now heâ€™s great and won a Super Bowl.",0.7964,For fucks sake Matt Gay,-0.4767,K,6.0
George Pickens,George,Pickens,147.03,3.0374,12,0,"Lamar Jackson and Joe Burrow are pretty good and Mark Andrews, Jamarr Chase, Tee Higgins, Amari Cooper, Diontae Johnson, George Pickens, Chase Claypool, Jaylen Waddle, and Tyreek Hill are also ok.",0.8074,You can juxtapose that with the much later but still second round pick George Pickens who just looked like an insane person while getting drafted.,-0.0772,WR,5.8
Kenny Golladay,Kenny,Golladay,146.8,1.0292999999999994,32,0,"Creative, seems like the players that aren't named Kenny golladay love him, knows how to use the pieces he has to get the most out of them even with a talent deficiency.",0.9081,Over 30% of the giants cap space is dead money + Kenny Golladay,-0.6486,WR,0.0
Cam Akers,Cam,Akers,146.71,-0.9058999999999999,13,0,I like that Cam Akers acts like heâ€™s never seen a football before,0.6124,Also Cam Akers sucks ass.,-0.7184,RB,0.0
Dawson Knox,Dawson,Knox,146.56,-0.008100000000000052,10,0,The video of Gabe Davis and Dawson Knox going fishing while golfing perfectly explains the Bills social media,0.6369,On offense they were missing starting TE Dawson Knox and WR Isiah McKenzie.,-0.4939,TE,12.7
DeVante Parker,DeVante,Parker,146.44,1.1802,2,0,"His picks this season also include a fantastic defensive play by Xavien Howard, a play where DeVante Parker ran the wrong route, and a play in garbage time against the Ravens.",0.7783,,0,WR,10.4
Hunter Henry,Hunter,Henry,146.38,-0.3393999999999999,9,0,"Probably just me but starting to think Hunter Henry looks like young Tom Brady, in the face at least.",0.5023,"Son of a bitch, at the last second I took hunter Henry out and put in Kittle.",-0.5859,TE,16.1
DJ Chark,DJ,Chark,146.04,0.1492,4,0,He was like an older slower DJ Chark.,0.3612,Unfortunately I still have nightmares about jet sweeps to Dj Chark,-0.34,WR,0.0
Irv Smith Jr.,Irv,Smith,145.81,0,0,0,,0,,0,TE,10.7
Cole Kmet,Cole,Kmet,145.78,0.5467,6,0,Is Cole Kmet good?,0.4404,"Cole Kmet (47/69) Receiving Grade of 57.8, Pass Blocking Grade of 52.2",-0.3818,TE,2.5
Alec Pierce,Alec,Pierce,145.6,0.2493999999999999,8,0,"Alec Pierce (WR) is looking like he's gonna be a good player, his hands/catch radius is crazy.",0.4588,That cincy team had studs..Baja refused to throw at Sauce and the Baja DBs were shitting themselves after couple downs against Alec Pierce,-0.6124,WR,13.9
Harrison Butker,Harrison,Butker,145.15,1.8008,11,0,"Harrison Butker is in that Chris Jones range of ""undeniably elite but it doesn't matter because the undisputed GOAT is playing at the same time"" lmao",0.8146,The tragedy of Harrison Butker must not be allowed to repeat itself.,-0.6597,K,11.0
Jarvis Landry,Jarvis,Landry,144.95,-0.4163,6,0,"Eh, Jacoby is playing better so far, but Amari Cooper is better than Jarvis Landry was.",0.7351,"So no Michael Thomas, no Jarvis Landry and now no Olave.",-0.7564,WR,0.0
Melvin Gordon III,Melvin,Gordon,144.72,0,0,0,,0,,0,RB,0.8
Nyheim Hines,Nyheim,Hines,144.64,-0.3692,4,0,No one cared nearly as much about Nyheim Hines stumbling around because hes a running back and not a franchise QB.,0.1531,Questionable: Nyheim Hines,-0.296,RB,0.0
J.D. McKissic,J.D.,McKissic,144.62,0,0,0,,0,,0,RB,2.0
Justin Tucker,Justin,Tucker,144.4,46.90119999999999,359,0,"I love Justin Tucker, the best kicker of all time for sure.",0.8934,No one is saying Justin Tucker is a bad kicker.,-0.6908,K,7.0
Pat Freiermuth,Pat,Freiermuth,144.17,-0.34759999999999996,3,0,,0,iâ€™m worried about pat freiermuth man.. this is his 3rd concussion since last season,-0.296,TE,0.0
Cedrick Wilson Jr.,Cedrick,Wilson,143.54,0,0,0,,0,,0,WR,0.0
Nick Folk,Nick,Folk,141.25,0.6847000000000001,16,0,Nick Folk fantasy owners are probably pretty happy.,0.7845,"Nick Folk was bad, we cut him, I donâ€™t think heâ€™s missed a kick since or some shit (Missed THREE on TNF v NE).",-0.886,K,7.0
Marcus Mariota,Marcus,Mariota,141.19,-3.2973000000000003,20,0,"In the last 10 drafts these are the QBs drafted in the top 5: Blake Bortles, Jameis Winston, Marcus Mariota, Jared Goff, Carson Wentz, Mitch Trubisky, Baker Mayfield, Sam Darnold, Kyler Murray, Joe Burrow, Tua Tagovailoa, Trevor Lawrence, Zach Wilson, Trey Lance.",0.2023,No way in hell Daniel Jones or Marcus Mariota or Ryan Tannehill ever get that call.,-0.7783,QB,24.16
Noah Fant,Noah,Fant,139.83,0.31800000000000006,9,0,Noah Fant has been pretty good for us.,0.7269,"The only real upgrade from the offense of the last couple years is Noah Fant, whose been good but not great.",-0.6112,TE,10.5
Mecole Hardman,Mecole,Hardman,139.68,-1.5394999999999999,7,0,We also have Mecole Hardman who in a straight line actually has pretty comparable speed to Hill.,0.6249,Your argument is that Mecole Hardman has 71 yards on the season????,-0.5362,WR,13.2
Brandon McManus,Brandon,McManus,139.43,0.5106,1,0,As somebody who watches Brandon McManusâ€™ leg  Iâ€™d be comfortable kicking from 64 if the uprights were wider,0.5106,,0,K,13.0
Daniel Carlson,Daniel,Carlson,139.12,1.6761,28,0,"That's 37 straight for Daniel Carlson, and look at that cute smile on AJ Cole!",0.7712,Daniel Carlson might be the ugliest man in the NFL,-0.5859,K,0.0
Jacoby Brissett,Jacoby,Brissett,138.37,4.5234000000000005,45,0,"Then Jacoby Brissett needed some more time to develop; Phillip Rivers did a pretty good job for a late career QB, but wasnâ€™t going to win a Super Bowl, so he retired; Carson Wentz wasâ€¦; and Matt Ryan was the best available QB floating around that you didnâ€™t have to pay $300,000,000 in salary and mortgage the franchiseâ€™s future to obtain.",0.9674,"They were a 9th ranked offense in DVOA with Baker at QB in 2020, the 14th ranked offense with massively injured Baker with tons of injuries on the OL in 2021, and now theyâ€™re a firmly top five offense with Jacoby Brissett (who everyone was so quick to say would suck because he was bad in Miami) and pretty much just one proven receiver this season.",-0.8442,QB,8.64
K.J. Osborn,K.J.,Osborn,136.74,0,0,0,,0,,0,WR,4.8
Van Jefferson,Van,Jefferson,136.48,0.71,10,0,"Also him & Von are really good friends and Ramsey on the phone the day before he signed, and apparently Odell was like â€œI donâ€™t wanna step on any of your receivers toes if Iâ€™m not wantedâ€ so Ramsey walked into the receivers meeting and was like â€œYâ€™all want Odell here?â€ and apparently was met with a warm reception from Kupp, Woods, Van Jefferson, Stafford and company.",0.9148,"From what I can tell, losing woods and van jefferson still being hurt has killed their ability to go deep.",-0.8481,WR,0.0
Mike Gesicki,Mike,Gesicki,135.9,-0.3046,3,0,Iâ€™ve been a Mike Gesicki stan for years but he has no value in our current scheme.,0.0772,Go watch some tape on Mike Gesicki blocking.,-0.3818,TE,24.9
Skyy Moore,Skyy,Moore,134.97,-0.39049999999999996,11,0,Skyy Moore vs. Divine Diablo,0.5574,"""Crash the LoS I fuckin dare you"" -- Andy Reid and Skyy Moore",-0.4019,WR,3.4
Greg Joseph,Greg,Joseph,134.77,0,0,0,,0,,0,K,4.0
Matt Prater,Matt,Prater,133.93,-0.38710000000000006,8,0,We would have atleast been in OT if Matt prater wasnâ€™t injured against the current best team in the nfl.,0.3612,"The other offensive players were to blame for them not gaining any yards so Tebow, not Matt Prater, then kicked a 60 yd field goal for OT which was at the time the 4thblongest in history.",-0.7738,K,0.0
Sterling Shepard,Sterling,Shepard,133.32,0.2660999999999999,10,0,> You really think the Packers receiving corps is better than this group with a healthy Sterling Shepard?,0.6808,Sterling Shepard is a pro but unfortunately cannot stay healthy.,-0.7173,WR,0.0
Curtis Samuel,Curtis,Samuel,133.02,-1.5003000000000002,53,0,Curtis Samuel doing his best Nelson Agholor impression,0.7269,WHAT IS WRONG WITH CURTIS SAMUEL HOLY FUCK,-0.765,WR,2.6
Jake Elliott,Jake,Elliott,132.51,-0.10019999999999984,5,0,Itâ€™s a shame jake Elliott is good because I would love to root for dicker more often,0.6124,Missing Jake Elliott is not ideal,-0.6093,K,10.0
KJ Hamler,KJ,Hamler,132.1,-0.2263,2,0,,0,"If his teammates are already furious with him like KJ Hamler, who's going to want to sign in Denver without an overpay?",-0.2263,WR,6.4
Graham Gano,Graham,Gano,131.95,0.0772,5,0,I want to say Graham Gano too.,0.0772,,0,K,6.0
Tyler Bass,Tyler,Bass,131.58,0.0,2,0,,0,,0,K,6.0
David Njoku,David,Njoku,131.43,0.25,3,0,It took David Njoku 4 years to get his output level matched with his abilities.,0.25,,0,TE,8.8
Rondale Moore,Rondale,Moore,130.69,0.9259,4,0,Can Rondale Moore be targeted downfield please and thank you,0.5859,,0,WR,10.9
Julio Jones,Julio,Jones,130.5,0.4996999999999998,23,0,#2 and #3 were the decisions to pass when they were in FG range up 8 right after Julio Jonesâ€™ amazing catch.,0.5859,"Akiem Hicks, Logan Ryan, Sean Murphy-Bunting, Julio Jones and Mike Edwards in the worst case.",-0.6249,WR,0.0
Robbie Gould,Robbie,Gould,130.48,0.1478,6,0,Are we sure Robbie Gould isn't really Jeff Bezos living out another billionaire fantasy?,0.3182,hitting robbie gould should be an automatic penalty that dude is 65 years old,-0.4588,K,2.0
Raheem Mostert,Raheem,Mostert,130.43,0.16159999999999997,4,0,"Apparently that was the highest mph anyone in the nfl has reached since raheem mostert hit 23 mph in 2020, woolen hit like 22.9~ according to next gen stats",0.4404,The dude is literally arguing that Penny broke his leg and apparently it wouldn't have happened to Mike Davis or Raheem Mostert.,-0.7003,RB,5.8
Tyler Higbee,Tyler,Higbee,130.34,0,0,0,,0,,0,TE,1.7
Ryan Succop,Ryan,Succop,130.21,0.0,1,0,,0,,0,K,14.0
Hayden Hurst,Hayden,Hurst,130.09,0.4677,24,0,The return of Hayden Hurst tn.. Also idk how I never knew Dax Hill is Justice little brother until like a week ago ðŸ’€,0.6412,itâ€™s crazy that a person as talented and successful as Hayden Hurst can still suffer from depression and suicidal thoughts.,-0.7906,TE,5.1
Brett Maher,Brett,Maher,129.42,-0.04069999999999996,4,0,Seems like Brett Maher in his first Cowboys stint.,0.3612,John Fassel seems to have helped Brett Maher over his problems.,-0.4019,K,4.0
Dustin Hopkins,Dustin,Hopkins,128.65,0,0,0,,0,,0,K,13.0
Isaiah McKenzie,Isaiah,McKenzie,128.49,1.1346,4,0,"There was another play that was fined even though it wasn't called a penalty, hit by Chuck Clark on Isaiah McKenzie.",0.5967,,0,WR,2.9
Gerald Everett,Gerald,Everett,127.63,-0.5423,1,0,,0,Fuck it's gonna be Justin Herbert on the bench on third down in place of Gerald Everett under center,-0.5423,TE,7.9
Joey Slye,Joey,Slye,126.99,-1.1997,18,0,"""Joey Slye"" always seems like it should be the name of a dude in the Mafia who's like the go-to option for whenever you need to have a building discreetly torched for the insurance money, rather than an NFL kicker.",0.6124,Joey Slye might just be the worst kicker in the league if not for Matt Amendola roaming around practice squads this year,-0.6249,K,5.0
Riley Patterson,Riley,Patterson,126.77,0,0,0,,0,,0,K,3.0
James Cook,James,Cook,126.71,0.01820000000000005,18,0,welcome to the NFL James Cook,0.4588,"I said this a while back, Singletary is not a good lead back, Zack Moss has been disappointing, and James Cook is unproven.",-0.6814,RB,0.8
Chris Boswell,Chris,Boswell,126.64,0.0,2,0,,0,,0,K,10.0
Kenneth Walker III,Kenneth,Walker,126.57,0.0,1,0,,0,,0,RB,19.0
Wil Lutz,Wil,Lutz,126.42,0.4019,2,0,"Interestingly enough, a lot of Saints fans were heralding Wil Lutz as the new Justin Tucker (largely bc he was in training camp with the Ravens before we picked him up so we saw him as Tucker's protege).",0.4019,,0,K,14.0
Rex Burkhead,Rex,Burkhead,125.89,0.6526000000000001,9,0,Rex Burkhead my man lol,0.4215,Youâ€™d think Lovie and Pep would realize by now that any handoffs to Rex Burkhead are wasted downs,-0.4939,RB,0.0
Austin Hooper,Austin,Hooper,125.85,0.3894,2,0,Austin hooper i love you brother,0.6369,"Hell, even Austin Hooper was thought to be an additional receiving target, and considering our history with TEâ€™s being a big part of the passing game (Delanie Walker, Jonnu Smith) it seemed like a reasonable thing to be optimistic about, but Iâ€™m pretty sure our blocking specialist TE Geoff Swaim has more offensive production than Hooper.",-0.2475,TE,0.0
Younghoe Koo,Younghoe,Koo,125.78,0.9062,4,0,like the fact that younghoe koo is a good kicker is awesome lol,0.9062,,0,K,4.0
Austin Seibert,Austin,Seibert,125.63,0,0,0,,0,,0,K,0.0
Eddy Pineiro,Eddy,Pineiro,125.54,0,0,0,,0,,0,K,5.0
Mason Crosby,Mason,Crosby,125.26,1.4447,13,0,"It feels dishonest to leave them out, but also we all know that Mason Crosby and Justin Tucker had much better odds of winning the game than the model gives them credit for.",0.886,Green Bay Town fly-half Mason Crosby scores a drop goal to lead 3-0,-0.2732,K,3.0
Randy Bullock,Randy,Bullock,125.26,0,0,0,,0,,0,K,0.0
Kenny Pickett,Kenny,Pickett,124.7,7.8488999999999995,82,0,I just learned that Fields has thrown like 5 more completions thank Kenny Pickett haha,0.8062,Is everyone here forgetting that Kenny Pickett is the same scumbag that used a FAKE slide last year in college?,-0.8415,QB,8.28
Evan Engram,Evan,Engram,124.37,2.3333,6,0,Also amazing when you don't have Evan Engram having every pass clang off his hands and pop up in the air for an easy interception.,0.7717,,0,TE,9.0
Jason Myers,Jason,Myers,124.21,0,0,0,,0,,0,K,13.0
Rodrigo Blankenship,Rodrigo,Blankenship,124.06,0.6865,5,0,"If the Cards are interested, Rodrigo Blankenship is still looking for a job.",0.4019,,0,K,0.0
Cade York,Cade,York,123.12,2.2523999999999997,25,0,"Talk about the divisions qbâ€™s all you want, but we have the best kickers, by farâ€¦and Cade York",0.7876,Cade York is hot-and-cold as hell.,-0.6808,K,12.0
Jamaal Williams,Jamaal,Williams,123.09,1.4202,6,0,"Lions have a top 3 OL, great weapons in Sun God, Swift, Jamaal Williams, Hockenson, and Jameson Williams projects to be the best WR in this rookie class.",0.8779,,0,RB,0.0
Albert Okwuegbunam,Albert,Okwuegbunam,122.54,0.0,1,0,,0,,0,TE,0.0
Greg Zuerlein,Greg,Zuerlein,122.32,0,0,0,,0,,0,K,8.0
Robert Tonyan,Robert,Tonyan,122.08,0.4404,1,0,"Robert Tonyan was a borderline Pro Bowl TE in 2020 after going undrafted, and Allen Lazard is a great No.",0.4404,,0,TE,19.0
Cairo Santos,Cairo,Santos,121.85,0,0,0,,0,,0,K,1.0
Noah Brown,Noah,Brown,121.75,2.1027,8,0,"Exactly, if u getting Rush u better get the dallas defense too and o line and Noah Brown lol",0.7351,i swear Noah brown gets mugged every game ðŸ’€,-0.0516,WR,2.0
Corey Davis,Corey,Davis,121.51,1.3237999999999999,6,0,"I could also see a scenario like what we did six years ago, when we held the #1 pick yet had a QB that wasn't Rosen-level terrible, so we traded down to gather draft capital, which eventually brought us guys like Derrick Henry, Jack Conklin, Jonnu Smith, and Corey Davis.",0.7618,"When he was the offensive coordinator, he had guys like AJ Brown and Corey Davis, to name a few.",-0.128,WR,7.2
Romeo Doubs,Romeo,Doubs,120.19,2.3102,13,0,"Romeo Doubs and Christian Watson may yet turn out to be great players, but right now they're rookies, and they're going to be inconsistent... and the rest of the cast lacks speed, as well as the ability to consistently win one-on-one.",0.9239,"Christian Watson has been hurt, so it's really hard to know what Green Bay has in him but Romeo Doubs has been showing legitimate flashes as a rookie.",-0.3976,WR,6.1
Velus Jones Jr.,Velus,Jones,118.91,0.296,3,0,Velus Jones Jr.: Only been active for 2 games with like  3 total offensive snaps because of preseason injuries.,0.296,,0,WR,0.8
Ka'imi Fairbairn,Ka'imi,Fairbairn,118.09,0,0,0,,0,,0,K,0.0
Desmond Ridder,Desmond,Ridder,117.95,0.0,1,0,,0,,0,QB,0.0
A.J. Green,A.J.,Green,117.81,0,0,0,,0,,0,WR,2.7
Kenneth Gainwell,Kenneth,Gainwell,117.67,0.0,1,0,,0,,0,RB,2.5
Kendrick Bourne,Kendrick,Bourne,117.66,0.4816,6,0,"I thought his rookie season was really promising especially considering his best weapon was Kendrick Bourne, but I guess weâ€™ll have to wait and see.",0.4816,,0,WR,2.7
Mitch Trubisky,Mitch,Trubisky,117.21,2.7,32,0,Yea but if you regress him to the mean you realize it's all luck and he's truly Mitch Trubisky.,0.8338,I like mitch trubisky as a person but he ass as fuck,-0.8674,QB,10.26
Logan Thomas,Logan,Thomas,115.61,1.1031,6,0,Not to mention theres been games where logan thomas and jahan dotson are also healthy.,0.4019,,0,TE,0.0
Randall Cobb,Randall,Cobb,115.53,-1.4659,33,0,Randall Cobb and Julio Rodriguez have some of the most beautiful eyes Iâ€™ve ever seen on a man.,0.6361,"Are you suggesting that the Lizard King, a zombified Randall Cobb, and Watkins the Broken is not a WR room to be feared?",-0.743,WR,1.8
Nick Westbrook-Ikhine,Nick,Westbrook-Ikhine,113.97,0,0,0,,0,,0,WR,0.0
Deshaun Watson,Deshaun,Watson,112.35,-4.490899999999997,103,0,"If you expand that decade to all QBs drafted anywhere in the first round you add: EJ Manuel, Johnny Manziel, Teddy Bridgewater, Paxton Lynch, Pat Mahomes, Deshaun Watson, Josh Allen, Josh Rosen, Lamar Jackson, Daniel Jones, Dwayne Haskins, Justin Herbert, Jordan Love, Justin Fields, Mac Jones.",0.7579,"In case you haven't checked the main page of the sub, Serial Rapist Deshaun Watson has been accused of another sexual assault.",-0.8979,QB,0.0
Jason Sanders,Jason,Sanders,111.39,-0.8383,2,0,,0,Jason Sanders is ass this year,-0.5423,K,4.0
Alexander Mattison,Alexander,Mattison,109.64,0.0,1,0,,0,,0,RB,0.3
Zay Jones,Zay,Jones,109.2,0.8701,15,0,"lol I actually preferred the Raiders team when Carr had to get creative and figure out how to utilize who he had available, like Zay Jones last year and Nelly Agholor the year before, so I hold no strong affections for Davante Adams that are influencing my opinion.",0.8953,"I would also argue Allen's weapons then (Zay Jones, Kelvin Benjamin, Shady on the decline, Robert Foster) might be worse than Fields' weapons in this game (Dante Pettis, David Montgomery, Kahlil Herbert, Darnell Mooney)",-0.8834,WR,9.2
Brevin Jordan,Brevin,Jordan,109.06,0,0,0,,0,,0,TE,0.0
Khalil Herbert,Khalil,Herbert,108.93,0.8652000000000002,8,0,"Terry Mclaurin, Khalil Herbert for sure were both a lot better off the top of my head.",0.7184,So like... How bad is it that I want Khalil Herbert over Najee?,-0.5367,RB,7.4
Christian Watson,Christian,Watson,108.76,-2.5520999999999994,11,0,"Romeo Doubs and Christian Watson may yet turn out to be great players, but right now they're rookies, and they're going to be inconsistent... and the rest of the cast lacks speed, as well as the ability to consistently win one-on-one.",0.9239,"That was Christian Watson, but the announcer was confused and naturally thought it was Amari Rodgers because the play was shit",-0.6956,WR,0.0
Dee Eskridge,Dee,Eskridge,108.11,-0.296,1,0,,0,"I mean, heâ€™s no Dee Eskridge.",-0.296,WR,6.9
Donovan Peoples-Jones,Donovan,Peoples-Jones,107.67,0.0,1,0,,0,,0,WR,11.6
Drew Lock,Drew,Lock,106.95,6.6151,41,0,"Pretty much that, I bet that if Drew Lock gets to start next season that he'd have a good season- he did start out well until Broncos changed up their staff mid-season which probably botched Lock's confidence.",0.8885,"The shit talk towards the ""Drew Lock Seahawks"" all off season was relentless.",-0.5267,QB,0.0
Jamison Crowder,Jamison,Crowder,106.23,-0.7096,1,0,,0,Kirk literally had prime DeSean Jackson and Pierre Garcon with Jamison Crowder what a stupid argument,-0.7096,WR,0.0
Mo Alie-Cox,Mo,Alie-Cox,106.05,0,0,0,,0,,0,TE,0.0
Devin Duvernay,Devin,Duvernay,105.47,0.47330000000000005,15,0,We all really gonna watch an entire game of only giving the ball to Devin Duvernay and Jamar Chase.,0.34,Sorry Jamaar but you're no Devin Duvernay,-0.4497,WR,2.4
Damien Williams,Damien,Williams,104.35,0,0,0,,0,,0,RB,0.0
Braxton Berrios,Braxton,Berrios,104.16,0.8317,10,0,Corey Davis yelled â€œthere you go!â€ Braxton Berrios gave a look of pleasant surprise.,0.69,"What kills me is that Zach Wilson and Braxton Berrios took big hits, head contacting the ground, stayed down, Berrios even got to one kneeâ€¦and nothing.",-0.5423,WR,9.6
Brian Robinson Jr.,Brian,Robinson,102.87,0.2057,4,0,*mfw you don't think Brian Robinson Jr. won't drop his own track*,0.2057,,0,RB,12.0
Parris Campbell,Parris,Campbell,99.2,0,0,0,,0,,0,WR,18.7
Bryan Edwards,Bryan,Edwards,98.19,0.7351,1,0,"Aside from 2015-2016 and 2022, the guy has had Great Value bin quality of starting receivers to throw to: Nelson Agholor, Bryan Edwards, Zay Jones, Keelan Doss, Trevor Davis, Tyrell Williams (used to be good, was bad with the Raiders and out of the league now), Martavis Bryant, old Jordy Nelson, old Desean Jackson, Marcel Ateman and lastly: Hunter Renfrow -- the one guy you'd actually want on your team out of all those guys.",0.7351,,0,WR,0.0
Rachaad White,Rachaad,White,95.97,-0.10890000000000001,5,0,"Lol I can't believe you actually said Rachaad White is not on the ""White side of history.""",0.4215,We had to abandon the run due to being behind after Rachaad White fumble and the fact that running against the Chiefs didnâ€™t work,-0.4404,RB,5.3
Phillip Dorsett,Phillip,Dorsett,95.12,0,0,0,,0,,0,WR,0.0
Zamir White,Zamir,White,93.75,-0.3961,3,0,,0,My guess is the drafted Zamir White to replace him and donâ€™t really want to pay him what heâ€™s worth so theyâ€™re gonna run the fuck out of him and let him walk.,-0.3961,RB,0.0
Jameson Williams,Jameson,Williams,92.61,1.3939,12,0,"Lions have a top 3 OL, great weapons in Sun God, Swift, Jamaal Williams, Hockenson, and Jameson Williams projects to be the best WR in this rookie class.",0.8779,"Melinfonwu (3rd rd) has been hurt all year, Paschal (2nd rd) got hurt in training camp, Jameson Williams (1st rd) is still recovering, and Chark/Swift were out today, and Amon-Ra barely played because heâ€™s still hurt.",-0.8439,WR,0.0
Mark Ingram II,Mark,Ingram,92.47,0,0,0,,0,,0,RB,6.7
Samaje Perine,Samaje,Perine,91.56,-0.3987,2,0,,0,Samaje Perine dominating our outside linebackers,-0.296,RB,3.6
Tommy Tremble,Tommy,Tremble,88.91,0,0,0,,0,,0,TE,0.0
Kyle Rudolph,Kyle,Rudolph,87.3,1.0398,4,0,This is why Minnesota loved Kyle Rudolph so much.,0.5994,,0,TE,0.0
Nelson Agholor,Nelson,Agholor,87.21,0.7431,14,0,"Aside from 2015-2016 and 2022, the guy has had Great Value bin quality of starting receivers to throw to: Nelson Agholor, Bryan Edwards, Zay Jones, Keelan Doss, Trevor Davis, Tyrell Williams (used to be good, was bad with the Raiders and out of the league now), Martavis Bryant, old Jordy Nelson, old Desean Jackson, Marcel Ateman and lastly: Hunter Renfrow -- the one guy you'd actually want on your team out of all those guys.",0.7351,I fucking hate Nelson Agholor.,-0.6115,WR,0.0
Jerick McKinnon,Jerick,McKinnon,87.03,0.5167999999999999,4,0,Jerick McKinnon may be the best RB to ever play no exaggeration.,0.6597,"No other running back has an athletic profile similar (i.e., over 80) to that of Jerick McKinnon.",-0.296,RB,6.0
